-- MySQL dump 10.13  Distrib 8.0.30, for Linux (x86_64)
--
-- Host: localhost    Database: favshare
-- ------------------------------------------------------
-- Server version	8.0.30-0ubuntu0.20.04.2

/*!40101 SET @OLD_CHARACTER_SET_CLIENT=@@CHARACTER_SET_CLIENT */;
/*!40101 SET @OLD_CHARACTER_SET_RESULTS=@@CHARACTER_SET_RESULTS */;
/*!40101 SET @OLD_COLLATION_CONNECTION=@@COLLATION_CONNECTION */;
/*!50503 SET NAMES utf8 */;
/*!40103 SET @OLD_TIME_ZONE=@@TIME_ZONE */;
/*!40103 SET TIME_ZONE='+00:00' */;
/*!40014 SET @OLD_UNIQUE_CHECKS=@@UNIQUE_CHECKS, UNIQUE_CHECKS=0 */;
/*!40014 SET @OLD_FOREIGN_KEY_CHECKS=@@FOREIGN_KEY_CHECKS, FOREIGN_KEY_CHECKS=0 */;
/*!40101 SET @OLD_SQL_MODE=@@SQL_MODE, SQL_MODE='NO_AUTO_VALUE_ON_ZERO' */;
/*!40111 SET @OLD_SQL_NOTES=@@SQL_NOTES, SQL_NOTES=0 */;

--
-- Table structure for table `comment`
--

DROP TABLE IF EXISTS `comment`;
/*!40101 SET @saved_cs_client     = @@character_set_client */;
/*!50503 SET character_set_client = utf8mb4 */;
CREATE TABLE `comment` (
  `id` int NOT NULL,
  `content` varchar(255) NOT NULL,
  `create_date` datetime(6) NOT NULL,
  `is_modify` bit(1) NOT NULL,
  `pop_id` int NOT NULL,
  `user_id` int NOT NULL,
  PRIMARY KEY (`id`),
  KEY `FK6md77o1v0qoclryr5ld13da1i` (`pop_id`),
  KEY `FK8kcum44fvpupyw6f5baccx25c` (`user_id`),
  CONSTRAINT `FK6md77o1v0qoclryr5ld13da1i` FOREIGN KEY (`pop_id`) REFERENCES `pop` (`id`),
  CONSTRAINT `FK8kcum44fvpupyw6f5baccx25c` FOREIGN KEY (`user_id`) REFERENCES `user` (`id`)
) ENGINE=InnoDB DEFAULT CHARSET=utf8mb4 COLLATE=utf8mb4_0900_ai_ci;
/*!40101 SET character_set_client = @saved_cs_client */;

--
-- Dumping data for table `comment`
--

LOCK TABLES `comment` WRITE;
/*!40000 ALTER TABLE `comment` DISABLE KEYS */;
INSERT INTO `comment` VALUES (43,'하이~~','2022-08-19 11:33:00.102853',_binary '\0',20,9),(47,'하이루~~','2022-08-19 11:33:23.315381',_binary '\0',21,9),(52,'ㅎㅇㅎㅇ','2022-08-19 11:35:09.027328',_binary '\0',34,4),(59,'팝팝!!','2022-08-19 11:36:07.718764',_binary '\0',16,9),(63,'꺄 유정이 댕댕미 ><','2022-08-19 11:47:50.609911',_binary '\0',23,6),(64,'미쵸미쵸','2022-08-19 11:47:55.910537',_binary '\0',23,6),(75,'ㅋㅋㅋㅋㅋㅋ','2022-08-19 11:48:40.596166',_binary '\0',23,9),(79,'와 이때로 돌아가고싶다 ..','2022-08-19 11:49:25.038333',_binary '\0',26,6),(88,'ㅎㅇㅎㅇ','2022-08-19 11:49:41.972143',_binary '\0',34,9),(90,'댓글이 너무 내려가있네 ...','2022-08-19 11:50:09.930926',_binary '\0',34,6),(149,'최고최고 !!!','2022-08-19 12:07:23.923994',_binary '\0',133,6),(161,'ㅋㅋㅋㅋㅋㅋㅋㅋ그리고 ..최은우','2022-08-19 12:07:48.250680',_binary '\0',127,6),(170,'이 시대의 그 유명한 걸카인을 모르신다고요?','2022-08-19 12:08:22.962514',_binary '\0',28,6),(178,'ㅋㅋㅋㅋㅋㅋ하하하 호호호','2022-08-19 12:09:22.629961',_binary '\0',152,6),(183,'공원소녀 빠끄 !!','2022-08-19 12:09:38.538189',_binary '\0',159,6),(188,'말 안해도 압니다 은우님 ~','2022-08-19 12:10:07.426315',_binary '\0',181,6),(199,'아이즈원 미쳤다 너무 예뻐','2022-08-19 12:13:41.593775',_binary '\0',31,6),(212,'아이즈원 ㅠㅠㅠㅠ','2022-08-19 12:19:35.315857',_binary '\0',32,8),(229,'그게 누구임 ㅡㅡ','2022-08-19 12:22:37.532206',_binary '\0',28,8),(265,'미쳤따 미쳤따!!!!!!','2022-08-19 12:47:53.640624',_binary '\0',23,8),(272,'대박대박 대박사건!!!!','2022-08-19 12:49:09.665672',_binary '\0',109,8),(274,'믿고보는 레드벨벳....','2022-08-19 12:49:33.243638',_binary '\0',112,8),(278,'ㅎㅎㅎㅎㅅㅇㅎㅎㅎ','2022-08-19 12:49:44.915945',_binary '\0',114,8),(280,'갓이유...','2022-08-19 12:50:45.106514',_binary '\0',122,8),(281,'국힙원탑...','2022-08-19 12:50:50.657677',_binary '\0',122,8),(301,'안유진 체고 !!!','2022-08-19 13:03:08.321650',_binary '\0',297,7),(372,'난 나난','2022-08-19 15:53:05.691026',_binary '\0',26,1);
/*!40000 ALTER TABLE `comment` ENABLE KEYS */;
UNLOCK TABLES;

--
-- Table structure for table `feed`
--

DROP TABLE IF EXISTS `feed`;
/*!40101 SET @saved_cs_client     = @@character_set_client */;
/*!50503 SET character_set_client = utf8mb4 */;
CREATE TABLE `feed` (
  `id` int NOT NULL,
  `feed_image_url` varchar(255) DEFAULT NULL,
  `is_first` bit(1) NOT NULL,
  `name` varchar(255) NOT NULL,
  `user_id` int NOT NULL,
  PRIMARY KEY (`id`),
  KEY `FKeupe1ba7u2e7sr6r3fa4dhdo7` (`user_id`),
  CONSTRAINT `FKeupe1ba7u2e7sr6r3fa4dhdo7` FOREIGN KEY (`user_id`) REFERENCES `user` (`id`) ON DELETE CASCADE ON UPDATE CASCADE
) ENGINE=InnoDB DEFAULT CHARSET=utf8mb4 COLLATE=utf8mb4_0900_ai_ci;
/*!40101 SET character_set_client = @saved_cs_client */;

--
-- Dumping data for table `feed`
--

LOCK TABLES `feed` WRITE;
/*!40000 ALTER TABLE `feed` DISABLE KEYS */;
INSERT INTO `feed` VALUES (1,NULL,_binary '','user1피드',1),(2,NULL,_binary '\0','user1피드',1),(3,NULL,_binary '','user2피드',2),(4,NULL,_binary '\0','user2피드',2),(5,NULL,_binary '\0','user2피드',2),(6,'https://encrypted-tbn0.gstatic.com/images?q=tbn:ANd9GcRakZl_Lg4cQ98ZCszli1xblOQp-nl9X9i6bA&usqp=CAU',_binary '','최애1',4),(7,'https://encrypted-tbn0.gstatic.com/images?q=tbn:ANd9GcR0_nPI3j-IgREV5KUms8b2pVnnnkXR60-O8w&usqp=CAU',_binary '\0','최애3',4),(8,NULL,_binary '\0','user4피드',4),(9,NULL,_binary '','user5피드',5),(10,NULL,_binary '\0','user5피드',5),(11,NULL,_binary '\0','user5피드',5),(12,NULL,_binary '\0','user5피드',5),(13,'https://encrypted-tbn0.gstatic.com/images?q=tbn:ANd9GcSI1gqQ_J2yDqdIzZaf7PM5rErEuWWwdrdm6g&usqp=CAU',_binary '\0','최애2',4),(14,'https://encrypted-tbn0.gstatic.com/images?q=tbn:ANd9GcRakZl_Lg4cQ98ZCszli1xblOQp-nl9X9i6bA&usqp=CAU',_binary '','user5피드',9);
/*!40000 ALTER TABLE `feed` ENABLE KEYS */;
UNLOCK TABLES;

--
-- Table structure for table `follow`
--

DROP TABLE IF EXISTS `follow`;
/*!40101 SET @saved_cs_client     = @@character_set_client */;
/*!50503 SET character_set_client = utf8mb4 */;
CREATE TABLE `follow` (
  `id` int NOT NULL,
  `from_user_id` int NOT NULL,
  `to_user_id` int NOT NULL,
  PRIMARY KEY (`id`),
  KEY `FKepp5qc1696afiyipw8jhk6et7` (`from_user_id`),
  KEY `FKbo8snnjqnckmjhm2d71j3bc84` (`to_user_id`),
  CONSTRAINT `FKbo8snnjqnckmjhm2d71j3bc84` FOREIGN KEY (`to_user_id`) REFERENCES `user` (`id`),
  CONSTRAINT `FKepp5qc1696afiyipw8jhk6et7` FOREIGN KEY (`from_user_id`) REFERENCES `user` (`id`)
) ENGINE=InnoDB DEFAULT CHARSET=utf8mb4 COLLATE=utf8mb4_0900_ai_ci;
/*!40101 SET character_set_client = @saved_cs_client */;

--
-- Dumping data for table `follow`
--

LOCK TABLES `follow` WRITE;
/*!40000 ALTER TABLE `follow` DISABLE KEYS */;
INSERT INTO `follow` VALUES (1,5,4),(2,5,7),(3,5,6),(5,5,9),(6,5,8),(10,4,8),(11,4,6),(12,4,9),(13,4,7),(14,4,5),(38,9,4),(73,6,9),(202,8,4),(257,8,7),(258,8,6),(259,8,9),(260,8,5),(318,5,3),(319,5,2),(320,5,1);
/*!40000 ALTER TABLE `follow` ENABLE KEYS */;
UNLOCK TABLES;

--
-- Table structure for table `hibernate_sequence`
--

DROP TABLE IF EXISTS `hibernate_sequence`;
/*!40101 SET @saved_cs_client     = @@character_set_client */;
/*!50503 SET character_set_client = utf8mb4 */;
CREATE TABLE `hibernate_sequence` (
  `next_val` bigint DEFAULT NULL
) ENGINE=InnoDB DEFAULT CHARSET=utf8mb4 COLLATE=utf8mb4_0900_ai_ci;
/*!40101 SET character_set_client = @saved_cs_client */;

--
-- Dumping data for table `hibernate_sequence`
--

LOCK TABLES `hibernate_sequence` WRITE;
/*!40000 ALTER TABLE `hibernate_sequence` DISABLE KEYS */;
INSERT INTO `hibernate_sequence` VALUES (381);
/*!40000 ALTER TABLE `hibernate_sequence` ENABLE KEYS */;
UNLOCK TABLES;

--
-- Table structure for table `idol`
--

DROP TABLE IF EXISTS `idol`;
/*!40101 SET @saved_cs_client     = @@character_set_client */;
/*!50503 SET character_set_client = utf8mb4 */;
CREATE TABLE `idol` (
  `id` int NOT NULL,
  `content` varchar(255) DEFAULT NULL,
  `idol_image_url` varchar(255) DEFAULT NULL,
  `name` varchar(255) NOT NULL,
  PRIMARY KEY (`id`)
) ENGINE=InnoDB DEFAULT CHARSET=utf8mb4 COLLATE=utf8mb4_0900_ai_ci;
/*!40101 SET character_set_client = @saved_cs_client */;

--
-- Dumping data for table `idol`
--

LOCK TABLES `idol` WRITE;
/*!40000 ALTER TABLE `idol` DISABLE KEYS */;
INSERT INTO `idol` VALUES (1,NULL,NULL,'H.O.T.'),(2,NULL,NULL,'S.E.S.'),(3,NULL,NULL,'신화'),(4,NULL,NULL,'젝스키스'),(5,NULL,NULL,'핑클'),(6,NULL,NULL,'클릭비'),(7,NULL,NULL,'원타임'),(8,NULL,NULL,'god'),(9,NULL,NULL,'유승준'),(10,NULL,NULL,'NRG'),(11,NULL,NULL,'코요태'),(12,NULL,NULL,'베이비복스'),(13,NULL,NULL,'클레오'),(14,NULL,NULL,'보아'),(15,NULL,NULL,'M.I.L.K.'),(16,NULL,NULL,'동방신기'),(17,NULL,NULL,'TraxX'),(18,NULL,NULL,'천상지희 더 그레이스'),(19,NULL,NULL,'슈퍼주니어'),(20,NULL,NULL,'비'),(21,NULL,NULL,'량현량하'),(22,NULL,NULL,'노을'),(23,NULL,NULL,'SE7EN'),(24,NULL,NULL,'BIGBANG'),(25,NULL,NULL,'SS501'),(26,NULL,NULL,'슈가'),(27,NULL,NULL,'샤크라'),(28,NULL,NULL,'컬러링 베이비 7공주'),(29,NULL,NULL,'배틀'),(30,NULL,NULL,'브라운아이드걸스'),(31,NULL,NULL,'써니힐'),(32,NULL,NULL,'쥬얼리'),(33,NULL,NULL,'소녀시대'),(34,NULL,NULL,'SHINee'),(35,NULL,NULL,'에프엑스'),(36,NULL,NULL,'EXO'),(37,NULL,NULL,'레드벨벳'),(38,NULL,NULL,'NCT'),(39,NULL,NULL,'aespa'),(40,NULL,NULL,'원더걸스'),(41,NULL,NULL,'2AM'),(42,NULL,NULL,'2PM'),(43,NULL,NULL,'미쓰에이'),(44,NULL,NULL,'15&'),(45,NULL,NULL,'GOT7'),(46,NULL,NULL,'DAY6'),(47,NULL,NULL,'TWICE'),(48,NULL,NULL,'Stray Kids'),(49,NULL,NULL,'ITZY'),(50,NULL,NULL,'Xdinary Heroes'),(51,NULL,NULL,'NMIXX'),(52,NULL,NULL,'2NE1'),(53,NULL,NULL,'WINNER'),(54,NULL,NULL,'iKON'),(55,NULL,NULL,'BLACKPINK'),(56,NULL,NULL,'TREASURE'),(57,NULL,NULL,'GLAM'),(58,NULL,NULL,'방탄소년단'),(59,NULL,NULL,'투모로우바이투게더'),(60,NULL,NULL,'카라'),(61,NULL,NULL,'에이스타일'),(62,NULL,NULL,'레인보우'),(63,NULL,NULL,'A-JAX'),(64,NULL,NULL,'퓨리티'),(65,NULL,NULL,'APRIL'),(66,NULL,NULL,'KARD'),(67,NULL,NULL,'미래소년'),(68,NULL,NULL,'4minute'),(69,NULL,NULL,'비스트'),(70,NULL,NULL,'하이라이트'),(71,NULL,NULL,'비투비'),(72,NULL,NULL,'CLC'),(73,NULL,NULL,'펜타곤'),(74,NULL,NULL,'아이들'),(75,NULL,NULL,'LIGHTSUM'),(76,NULL,NULL,'여자친구'),(77,NULL,NULL,'LE SSERAFIM'),(78,NULL,NULL,'더보이즈'),(79,NULL,NULL,'Apink'),(80,NULL,NULL,'VICTON'),(81,NULL,NULL,'밴디지'),(82,NULL,NULL,'Weekly'),(83,NULL,NULL,'FT아일랜드'),(84,NULL,NULL,'CNBLUE'),(85,NULL,NULL,'AOA'),(86,NULL,NULL,'엔플라잉'),(87,NULL,NULL,'SF9'),(88,NULL,NULL,'허니스트'),(89,NULL,NULL,'체리블렛'),(90,NULL,NULL,'P1Harmony'),(91,NULL,NULL,'유키스'),(92,NULL,NULL,'라붐'),(93,NULL,NULL,'초신성'),(94,NULL,NULL,'티아라'),(95,NULL,NULL,'남녀공학'),(96,NULL,NULL,'파이브돌스'),(97,NULL,NULL,'SPEED'),(98,NULL,NULL,'갱키즈'),(99,NULL,NULL,'DIA'),(100,NULL,NULL,'비너스'),(101,NULL,NULL,'H&D'),(102,NULL,NULL,'BAE173'),(103,NULL,NULL,'CLASS:y'),(104,NULL,NULL,'비타민'),(105,NULL,NULL,'피어스'),(106,NULL,NULL,'A-force'),(107,NULL,NULL,'제국의아이들'),(108,NULL,NULL,'나인뮤지스'),(109,NULL,NULL,'임팩트'),(110,NULL,NULL,'헬로비너스'),(111,NULL,NULL,'ASTRO'),(112,NULL,NULL,'위키미키'),(113,NULL,NULL,'애프터스쿨'),(114,NULL,NULL,'오렌지캬라멜'),(115,NULL,NULL,'뉴이스트'),(116,NULL,NULL,'세븐틴'),(117,NULL,NULL,'프리스틴'),(118,NULL,NULL,'프로미스나인'),(119,NULL,NULL,'아이유'),(120,NULL,NULL,'피에스타'),(121,NULL,NULL,'히스토리'),(122,NULL,NULL,'멜로디데이'),(123,NULL,NULL,'I.B.I'),(124,NULL,NULL,'JBJ'),(125,NULL,NULL,'B1A4'),(126,NULL,NULL,'오마이걸'),(127,NULL,NULL,'온앤오프'),(128,NULL,NULL,'브레이브걸스'),(129,NULL,NULL,'빅스타'),(130,NULL,NULL,'다크비'),(131,NULL,NULL,'시크릿'),(132,NULL,NULL,'B.A.P'),(133,NULL,NULL,'소나무'),(134,NULL,NULL,'TRCNG'),(135,NULL,NULL,'주니엘'),(136,NULL,NULL,'굿데이'),(137,NULL,NULL,'CIX'),(138,NULL,NULL,'EPEX'),(139,NULL,NULL,'씨스타'),(140,NULL,NULL,'보이프렌드'),(141,NULL,NULL,'몬스타엑스'),(142,NULL,NULL,'우주소녀'),(143,NULL,NULL,'CRAVITY'),(144,NULL,NULL,'IVE'),(145,NULL,NULL,'대국남아'),(146,NULL,NULL,'인피니트'),(147,NULL,NULL,'러블리즈'),(148,NULL,NULL,'골든차일드'),(149,NULL,NULL,'로켓펀치'),(150,NULL,NULL,'DRIPPIN'),(151,NULL,NULL,'제이큐티'),(152,NULL,NULL,'GP 베이직'),(153,NULL,NULL,'코드브이'),(154,NULL,NULL,'틴탑'),(155,NULL,NULL,'백퍼센트'),(156,NULL,NULL,'업텐션'),(157,NULL,NULL,'MCND'),(158,NULL,NULL,'Apeace'),(159,NULL,NULL,'걸스토리'),(160,NULL,NULL,'더 이스트라이트'),(161,NULL,NULL,'걸스데이'),(162,NULL,NULL,'MAP6'),(163,NULL,NULL,'마마무'),(164,NULL,NULL,'VROMANCE'),(165,NULL,NULL,'원어스'),(166,NULL,NULL,'원위'),(167,NULL,NULL,'퍼플키스'),(168,NULL,NULL,'달샤벳'),(169,NULL,NULL,'밍스'),(170,NULL,NULL,'드림캐쳐'),(171,NULL,NULL,'EXID'),(172,NULL,NULL,'씨클라운'),(173,NULL,NULL,'치치'),(174,NULL,NULL,'라니아'),(175,NULL,NULL,'블랙스완'),(176,NULL,NULL,'에이데일리'),(177,NULL,NULL,'제노티'),(178,NULL,NULL,'블락비'),(179,NULL,NULL,'ATEEZ'),(180,NULL,NULL,'포커즈'),(181,NULL,NULL,'ENOi'),(182,NULL,NULL,'쇼콜라'),(183,NULL,NULL,'스텔라'),(184,NULL,NULL,'스피카'),(185,NULL,NULL,'빅스'),(186,NULL,NULL,'구구단'),(187,NULL,NULL,'VERIVERY'),(188,NULL,NULL,'크레용팝'),(189,NULL,NULL,'포엘'),(190,NULL,NULL,'크로스진'),(191,NULL,NULL,'플레이백'),(192,NULL,NULL,'아이오아이'),(193,NULL,NULL,'Wanna One'),(194,NULL,NULL,'앤씨아'),(195,NULL,NULL,'MASC'),(196,NULL,NULL,'리얼걸 프로젝트'),(197,NULL,NULL,'투엑스'),(198,NULL,NULL,'매드타운'),(199,NULL,NULL,'EVERGLOW'),(200,NULL,NULL,'TEMPEST'),(201,NULL,NULL,'청하'),(202,NULL,NULL,'BVNDIT'),(203,NULL,NULL,'IN2IT'),(204,NULL,NULL,'모모랜드'),(205,NULL,NULL,'아이즈원'),(206,NULL,NULL,'네온펀치'),(207,NULL,NULL,'공원소녀'),(208,NULL,NULL,'레이디스 코드'),(209,NULL,NULL,'이달의 소녀'),(210,NULL,NULL,'영화처럼'),(211,NULL,NULL,'AB6IX'),(212,NULL,NULL,'박지훈'),(213,NULL,NULL,'GHOST9'),(214,NULL,NULL,'ENHYPEN'),(215,NULL,NULL,'이세계 아이돌'),(216,NULL,NULL,'다비치'),(217,NULL,NULL,'시크엔젤'),(218,NULL,NULL,'걸카인드'),(219,NULL,NULL,'하이큐티'),(220,NULL,NULL,'세레데이'),(221,NULL,NULL,'NATURE'),(222,NULL,NULL,'퍼플'),(223,NULL,NULL,'MUSKY'),(224,NULL,NULL,'아이씨유'),(225,NULL,NULL,'KEEMBO'),(226,NULL,NULL,'woo!ah!'),(227,NULL,NULL,'ATBO'),(228,NULL,NULL,'SUPERKIND'),(229,NULL,NULL,'BLANK2Y'),(230,NULL,NULL,'TNX'),(231,NULL,NULL,'YOUNITE'),(232,NULL,NULL,'NINE.i'),(233,NULL,NULL,'TAN'),(234,NULL,NULL,'BALCK LEVEL'),(235,NULL,NULL,'Jwiiver'),(236,NULL,NULL,'TRENDZ'),(237,NULL,NULL,'Xdinary Heroes'),(238,NULL,NULL,'논스톱'),(239,NULL,NULL,'NIK'),(240,NULL,NULL,'루미너스'),(241,NULL,NULL,'MEGAMAX'),(242,NULL,NULL,'레볼루션 하트'),(243,NULL,NULL,'OMEGA X'),(244,NULL,NULL,'JUST B'),(245,NULL,NULL,'블리처스'),(246,NULL,NULL,'위아더원'),(247,NULL,NULL,'NTX'),(248,NULL,NULL,'싸이퍼'),(249,NULL,NULL,'WOW'),(250,NULL,NULL,'ATO6'),(251,NULL,NULL,'KINGDOM'),(252,NULL,NULL,'T1419'),(253,NULL,NULL,'RoaD-B'),(254,NULL,NULL,'P1Harmony');
/*!40000 ALTER TABLE `idol` ENABLE KEYS */;
UNLOCK TABLES;

--
-- Table structure for table `idol_member`
--

DROP TABLE IF EXISTS `idol_member`;
/*!40101 SET @saved_cs_client     = @@character_set_client */;
/*!50503 SET character_set_client = utf8mb4 */;
CREATE TABLE `idol_member` (
  `id` int NOT NULL,
  `name` varchar(255) NOT NULL,
  `idol_id` int NOT NULL,
  PRIMARY KEY (`id`),
  KEY `FKfksx1wuoxbewcmoukbp7cis43` (`idol_id`),
  CONSTRAINT `FKfksx1wuoxbewcmoukbp7cis43` FOREIGN KEY (`idol_id`) REFERENCES `idol` (`id`)
) ENGINE=InnoDB DEFAULT CHARSET=utf8mb4 COLLATE=utf8mb4_0900_ai_ci;
/*!40101 SET character_set_client = @saved_cs_client */;

--
-- Dumping data for table `idol_member`
--

LOCK TABLES `idol_member` WRITE;
/*!40000 ALTER TABLE `idol_member` DISABLE KEYS */;
INSERT INTO `idol_member` VALUES (1,'문희준',1),(2,'장우혁',1),(3,'강타',1),(4,'토니안',1),(5,'이재원',1),(6,'바다',2),(7,'유진',2),(8,'슈',2),(9,'에릭',3),(10,'이민우',3),(11,'김동완',3),(12,'신혜성',3),(13,'전진',3),(14,'앤디',3),(15,'은지원',4),(16,'이재진',4),(17,'김재덕',4),(18,'장수원',4),(19,'이효리',5),(20,'옥주현',5),(21,'이진',5),(22,'성유리',5),(23,'우연석',6),(24,'김태형',6),(25,'오종혁',6),(26,'김상혁',6),(27,'하현곤',6),(28,'유호석',6),(29,'노민혁',6),(30,'오진환',7),(31,'TEDDY',7),(32,'송백경',7),(33,'DANNY',7),(34,'박준형',8),(35,'윤계상',8),(36,'데니 안',8),(37,'손호영',8),(38,'김태우',8),(39,'유승준',9),(40,'이성진',10),(41,'천명훈',10),(42,'노유민',10),(43,'문성훈',10),(44,'김환성',10),(45,'김종민',11),(46,'신지',11),(47,'빽가',11),(48,'심은진',12),(49,'이희진',12),(50,'김이지',12),(51,'윤은혜',12),(52,'간미연',12),(53,'김하나',13),(54,'채은정',13),(55,'박예은',13),(56,'한현정',13),(57,'정예빈',13),(58,'보아',14),(59,'박희본',15),(60,'서현진',15),(61,'김보미',15),(62,'배유미',15),(63,'유노윤호',16),(64,'최강창민',16),(65,'영웅재중',16),(66,'믹키유천',16),(67,'시아준수',16),(68,'김정모',17),(69,'제이',17),(70,'긴조',17),(71,'린아',18),(72,'다나',18),(73,'선데이',18),(74,'스테파니',18),(75,'이특',19),(76,'희철',19),(77,'예성',19),(78,'신동',19),(79,'은혁',19),(80,'시원',19),(81,'동해',19),(82,'려욱',19),(83,'규현',19),(84,'비',20),(85,'량현',21),(86,'량하',21),(87,'이상곤',22),(88,'전우성',22),(89,'나성호',22),(90,'강균성',22),(91,'SE7EN',23),(92,'T.O.P',24),(93,'태양',24),(94,'G-DRAGON',24),(95,'대성',24),(96,'김현중',25),(97,'허영생',25),(98,'김규종',25),(99,'박정민',25),(100,'김형준',25),(101,'아유미',26),(102,'육혜승',26),(103,'박수진',26),(104,'이하린',26),(105,'황정음',26),(106,'이니',27),(107,'황보',27),(108,'려원',27),(109,'은',27),(110,'보나',27),(111,'오소영',28),(112,'황세희',28),(113,'김무이',28),(114,'길여름',28),(115,'심재영',28),(116,'권고은',28),(117,'이소영',28),(118,'이영유',28),(119,'김성령',28),(120,'황지우',28),(121,'박주미',28),(122,'정혜원',28),(123,'이승희',28),(124,'박유림',28),(125,'김은서',28),(126,'휘찬',29),(127,'진태화',29),(128,'리오',29),(129,'크리스',29),(130,'류',29),(131,'제아',30),(132,'미료',30),(133,'나르샤',30),(134,'가인',30),(135,'빛나',31),(136,'코타',31),(137,'은주',31),(138,'건희',31),(139,'정유진',32),(140,'박정아',32),(141,'이지현',32),(142,'전은미',32),(143,'조민아',32),(144,'서인영',32),(145,'하주연',32),(146,'김예원',32),(147,'박세미',32),(148,'김은정',32),(149,'태연',33),(150,'써니',33),(151,'티파니',33),(152,'효연',33),(153,'유리',33),(154,'수영',33),(155,'윤아',33),(156,'서현',33),(157,'온유',34),(158,'종현',34),(159,'Key',34),(160,'민호',34),(161,'태민',34),(162,'빅토리아',35),(163,'엠버',35),(164,'루나',35),(165,'크리스탈',35),(166,'시우민',36),(167,'수호',36),(168,'레이',36),(169,'백현',36),(170,'첸',36),(171,'찬열',36),(172,'디오',36),(173,'카이',36),(174,'세훈',36),(175,'아이린',37),(176,'슬기',37),(177,'웬디',37),(178,'조이',37),(179,'예리',37),(180,'태일',38),(181,'쟈니',38),(182,'태용',38),(183,'유타',38),(184,'쿤',38),(185,'도영',38),(186,'텐',38),(187,'재현',38),(188,'윈윈',38),(189,'정우',38),(190,'루카스',38),(191,'마크',38),(192,'샤오쥔',38),(193,'헨드리',38),(194,'런쥔',38),(195,'제노',38),(196,'해찬',38),(197,'재민',38),(198,'양양',38),(199,'쇼타로',38),(200,'성찬',38),(201,'천러',38),(202,'지성',38),(203,'카리나',39),(204,'지젤',39),(205,'윈터',39),(206,'닝닝',39),(207,'유빈',40),(208,'예은',40),(209,'선미',40),(210,'혜림',40),(211,'이창민',41),(212,'임슬옹',41),(213,'조권',41),(214,'정진운',41),(215,'JUN. K',42),(216,'닉쿤',42),(217,'택연',42),(218,'우영',42),(219,'준호',42),(220,'찬성',42),(221,'페이',43),(222,'지아',43),(223,'민',43),(224,'수지',43),(225,'박지민',44),(226,'백예린',44),(227,'JAY B',45),(228,'마크',45),(229,'잭슨',45),(230,'진영',45),(231,'영재',45),(232,'뱀뱀',45),(233,'유겸',45),(234,'성진',46),(235,'Young K',46),(236,'원필',46),(237,'도운',46),(238,'나연',47),(239,'정연',47),(240,'모모',47),(241,'사나',47),(242,'지효',47),(243,'미나',47),(244,'다현',47),(245,'채영',47),(246,'쯔위',47),(247,'방찬',48),(248,'리노',48),(249,'창빈',48),(250,'현진',48),(251,'한',48),(252,'필릭스',48),(253,'승민',48),(254,'아이엔',48),(255,'예지',49),(256,'리아',49),(257,'류진',49),(258,'채령',49),(259,'유나',49),(260,'건일',50),(261,'정수',50),(262,'가온',50),(263,'O.de',50),(264,'Jun Han',50),(265,'주연',50),(266,'릴리',51),(267,'해원',51),(268,'설윤',51),(269,'지니',51),(270,'배이',51),(271,'지우',51),(272,'규진',51),(273,'박봄',52),(274,'박산다라',52),(275,'CL',52),(276,'공민지',52),(277,'김진우',53),(278,'이승훈',53),(279,'송민호',53),(280,'강승윤',53),(281,'김진환',54),(282,'송윤형',54),(283,'BOBBY',54),(284,'김동혁',54),(285,'구준회',54),(286,'정찬우',54),(287,'지수',55),(288,'제니',55),(289,'로제',55),(290,'리사',55),(291,'최현석',56),(292,'지훈',56),(293,'요시',56),(294,'준규',56),(295,'마시호',56),(296,'윤재혁',56),(297,'아사히',56),(298,'방예담',56),(299,'도영',56),(300,'하루토',56),(301,'박정우',56),(302,'소정환',56),(303,'지연',57),(304,'미소',57),(305,'ZINNI',57),(306,'다희',57),(307,'TRINITY',57),(308,'진',58),(309,'슈가',58),(310,'제이홉',58),(311,'RM',58),(312,'지민',58),(313,'뷔',58),(314,'정국',58),(315,'연준',59),(316,'수빈',59),(317,'범규',59),(318,'태현',59),(319,'휴닝카이',59),(320,'박규리',60),(321,'한승연',60),(322,'구하라',60),(323,'허영지',60),(324,'니콜',60),(325,'강지영',60),(326,'하이밍',61),(327,'박정진',61),(328,'변장문',61),(329,'토모',61),(330,'임한별',61),(331,'성인규',61),(332,'김재경',62),(333,'고우리',62),(334,'오승아',62),(335,'노을',62),(336,'정윤혜',62),(337,'김지숙',62),(338,'조현영',62),(339,'도우',63),(340,'윤영',63),(341,'승진',63),(342,'승엽',63),(343,'중희',63),(344,'소민',64),(345,'시윤',64),(346,'혜인',64),(347,'채경',64),(348,'재은',64),(349,'윤채경',65),(350,'김채원',65),(351,'이나은',65),(352,'양예나',65),(353,'레이첼',65),(354,'이진솔',65),(355,'J.Seph',66),(356,'BM',66),(357,'전소민',66),(358,'전지우',66),(359,'리안',67),(360,'이준혁',67),(361,'유도현',67),(362,'카엘',67),(363,'손동표',67),(364,'박시영',67),(365,'장유빈',67),(366,'남지현',68),(367,'허가윤',68),(368,'전지윤',68),(369,'김현아',68),(370,'권소현',68),(371,'윤두준',69),(372,'장현승',69),(373,'용준형',69),(374,'양요섭',69),(375,'이기광',69),(376,'손동운',69),(377,'윤두준',70),(378,'양요섭',70),(379,'이기광',70),(380,'손동운',70),(381,'서은광',71),(382,'이민혁',71),(383,'이창섭',71),(384,'임현식',71),(385,'프니엘',71),(386,'육성재',71),(387,'오승희',72),(388,'최유진',72),(389,'장승연',72),(390,'장예은',72),(391,'권은빈',72),(392,'진호',73),(393,'후이',73),(394,'홍석',73),(395,'신원',73),(396,'여원',73),(397,'옌안',73),(398,'유토',73),(399,'키노',73),(400,'우석',73),(401,'미연',74),(402,'민니',74),(403,'소연',74),(404,'우기',74),(405,'슈화',74),(406,'상아',75),(407,'초원',75),(408,'나영',75),(409,'히나',75),(410,'주현',75),(411,'유정',75),(412,'휘연',75),(413,'지안',75),(414,'소원',76),(415,'예린',76),(416,'은하',76),(417,'유주',76),(418,'신비',76),(419,'엄지',76),(420,'사쿠라',77),(421,'김채원',77),(422,'허윤진',77),(423,'카즈하',77),(424,'홍은채',77),(425,'상연',78),(426,'제이콥',78),(427,'영훈',78),(428,'현재',78),(429,'주연',78),(430,'케빈',78),(431,'뉴',78),(432,'큐',78),(433,'주학년',78),(434,'선우',78),(435,'에릭',78),(436,'박초롱',79),(437,'윤보미',79),(438,'정은지',79),(439,'김남주',79),(440,'오하영',79),(441,'한승우',80),(442,'강승식',80),(443,'허찬',80),(444,'임세준',80),(445,'도한세',80),(446,'최병찬',80),(447,'정수빈',80),(448,'이찬솔',81),(449,'강경윤',81),(450,'신현빈',81),(451,'이수진',82),(452,'먼데이',82),(453,'박소은',82),(454,'이재희',82),(455,'지한',82),(456,'조아',82),(457,'이재진',83),(458,'최민환',83),(459,'이홍기',83),(460,'정용화',84),(461,'강민혁',84),(462,'이정신',84),(463,'혜정',85),(464,'설현',85),(465,'찬미',85),(466,'초아',85),(467,'민아',85),(468,'지민',85),(469,'유나',85),(470,'이승협',86),(471,'차훈',86),(472,'김재현',86),(473,'유회승',86),(474,'서동성',86),(475,'영빈',87),(476,'인성',87),(477,'재윤',87),(478,'다원',87),(479,'로운',87),(480,'주호',87),(481,'유태양',87),(482,'휘영',87),(483,'찬희',87),(484,'오승석',88),(485,'김철민',88),(486,'서동성',88),(487,'김환',88),(488,'해윤',89),(489,'유주',89),(490,'보라',89),(491,'지원',89),(492,'레미',89),(493,'채린',89),(494,'메이',89),(495,'테오',90),(496,'기호',90),(497,'지웅',90),(498,'인탁',90),(499,'소울',90),(500,'종섭',90),(501,'수현',91),(502,'기섭',91),(503,'훈',91),(504,'알렉산더',91),(505,'기범',91),(506,'동호',91),(507,'AJ',91),(508,'케빈',91),(509,'일라이',91),(510,'이준영',91),(511,'소연',92),(512,'진예',92),(513,'해인',92),(514,'솔빈',92),(515,'윤학',93),(516,'성제',93),(517,'광수',93),(518,'지혁',93),(519,'건일',93),(520,'성모',93),(521,'큐리',94),(522,'은정',94),(523,'효민',94),(524,'지연',94),(525,'화영',94),(526,'아름',94),(527,'보람',94),(528,'소연',94),(529,'지혜태운',95),(530,'가온누리',95),(531,'한빛효영',95),(532,'미소수미',95),(533,'열혈강호',95),(534,'한별혜원',95),(535,'악동광행',95),(536,'알찬성민',95),(537,'별빛찬미',95),(538,'천지유성',95),(539,'혜원',96),(540,'승희',96),(541,'효영',96),(542,'나연',96),(543,'은교',96),(544,'연경',96),(545,'김정우',97),(546,'김유 환',97),(547,'오태하',97),(548,'신종국',97),(549,'박세준',97),(550,'키오',97),(551,'최성민',97),(552,'황지현',98),(553,'최수은',98),(554,'이해인',98),(555,'곽소민',98),(556,'김혜지',98),(557,'에스더',98),(558,'조은별',98),(559,'유니스',99),(560,'주은',99),(561,'기희현',99),(562,'예빈',99),(563,'정채연',99),(564,'은채',99),(565,'정다경',100),(566,'두리',100),(567,'박성연',100),(568,'한결',101),(569,'도현',101),(570,'제이민',102),(571,'한결',102),(572,'유준',102),(573,'무진',102),(574,'준서',102),(575,'영서',102),(576,'도하',102),(577,'빛',102),(578,'도현',102),(579,'명형서',103),(580,'윤채원',103),(581,'홍혜주',103),(582,'김리원',103),(583,'원지민',103),(584,'박보은',103),(585,'김선유',103),(586,'김나예',104),(587,'정사랑',104),(588,'오시윤',104),(589,'황채민',104),(590,'박규연',105),(591,'신현주',105),(592,'김다나',105),(593,'서시원',105),(594,'박구름',105),(595,'변초은',105),(596,'양재윤',105),(597,'장윤서',105),(598,'김나연',105),(599,'윤채아',105),(600,'팝핀현준',106),(601,'수린',106),(602,'수아',106),(603,'은별',106),(604,'빅토리아',106),(605,'Kevin',107),(606,'황광희',107),(607,'임시완',107),(608,'문준영',107),(609,'김태헌',107),(610,'정희철',107),(611,'하민우',107),(612,'박형식',107),(613,'김동준',107),(614,'경리',108),(615,'혜미',108),(616,'가빈',108),(617,'금조',108),(618,'재경',108),(619,'라나',108),(620,'비니',108),(621,'이샘',108),(622,'은지',108),(623,'세라',108),(624,'민하',108),(625,'이유애린',108),(626,'현아',108),(627,'성아',108),(628,'제업',109),(629,'태호',109),(630,'지안',109),(631,'이상',109),(632,'웅재',109),(633,'앨리스',110),(634,'나라',110),(635,'라임',110),(636,'서영',110),(637,'유영',110),(638,'여름',110),(639,'MJ',111),(640,'진진',111),(641,'차은우',111),(642,'문빈',111),(643,'라키',111),(644,'윤산하',111),(645,'지수연',112),(646,'엘리',112),(647,'최유정',112),(648,'김도연',112),(649,'세이',112),(650,'루아',112),(651,'리나',112),(652,'루시',112),(653,'정아',113),(654,'주연',113),(655,'유이',113),(656,'레이나',113),(657,'나나',113),(658,'리지',113),(659,'이영',113),(660,'가은',113),(661,'가희',113),(662,'베카',113),(663,'소영',113),(664,'레이나',114),(665,'나나',114),(666,'리지',114),(667,'JR',115),(668,'아론',115),(669,'백호',115),(670,'민현',115),(671,'렌',115),(672,'에스쿱스',116),(673,'정한',116),(674,'조슈아',116),(675,'준',116),(676,'호시',116),(677,'원우',116),(678,'우지',116),(679,'디에잇',116),(680,'민규',116),(681,'도겸',116),(682,'승관',116),(683,'버논',116),(684,'디노',116),(685,'나영',117),(686,'로아',117),(687,'유하',117),(688,'은우',117),(689,'레나',117),(690,'결경',117),(691,'예하나',117),(692,'성연',117),(693,'시연',117),(694,'카일라',117),(695,'이새롬',118),(696,'송하영',118),(697,'박지원',118),(698,'노지선',118),(699,'이서연',118),(700,'이채영',118),(701,'이나경',118),(702,'백지헌',118),(703,'아이유',119),(704,'차오루',120),(705,'재이',120),(706,'린지',120),(707,'혜미',120),(708,'예지',120),(709,'송경일',121),(710,'나도균',121),(711,'김시형',121),(712,'김재호',121),(713,'장이정',121),(714,'여은',122),(715,'유민',122),(716,'예인',122),(717,'차희',122),(718,'이해인',123),(719,'김소희',123),(720,'윤채경',123),(721,'이수현',123),(722,'한혜리',123),(723,'노태현',124),(724,'켄타',124),(725,'김상균',124),(726,'김용국',124),(727,'권현빈',124),(728,'김동한',124),(729,'신우',125),(730,'산들',125),(731,'공찬',125),(732,'효정',126),(733,'미미',126),(734,'유아',126),(735,'승희',126),(736,'유빈',126),(737,'아린',126),(738,'효진',127),(739,'이션',127),(740,'MK',127),(741,'제이어스',127),(742,'와이엇',127),(743,'유',127),(744,'민영',128),(745,'유정',128),(746,'은지',128),(747,'유나',128),(748,'바람',129),(749,'래환',129),(750,'필독',129),(751,'성학',129),(752,'Jvde Milez',129),(753,'이찬',130),(754,'테오',130),(755,'D1',130),(756,'GK',130),(757,'희찬',130),(758,'룬',130),(759,'준서',130),(760,'유쿠',130),(761,'해리준',130),(762,'전효성',131),(763,'정하나',131),(764,'송지은',131),(765,'한선화',131),(766,'방용국',132),(767,'힘찬',132),(768,'대현',132),(769,'영재',132),(770,'종업',132),(771,'젤로',132),(772,'민재',133),(773,'디애나',133),(774,'의진',133),(775,'하이디',133),(776,'뉴썬',133),(777,'수민',133),(778,'나현',133),(779,'지훈',134),(780,'하영',134),(781,'태선 ',134),(782,'학민',134),(783,'우엽',134),(784,'지성',134),(785,'현우',134),(786,'시우',134),(787,'호현',134),(788,'강민',134),(789,'주니엘',135),(790,'희진',136),(791,'지니',136),(792,'체리',136),(793,'채솔',136),(794,'나윤',136),(795,'지원',136),(796,'하은',136),(797,'비바',136),(798,'보민',136),(799,'럭키',136),(800,'BX',137),(801,'승훈',137),(802,'용희',137),(803,'배진영',137),(804,'현석',137),(805,'위시',138),(806,'금동현',138),(807,'뮤',138),(808,'아민',138),(809,'백승',138),(810,'에이든',138),(811,'예왕',138),(812,'제프',138),(813,'보라',139),(814,'효린',139),(815,'소유',139),(816,'다솜',139),(817,'동현',140),(818,'현성',140),(819,'정민',140),(820,'영민',140),(821,'광민',140),(822,'민우',140),(823,'셔누',141),(824,'민혁',141),(825,'기현',141),(826,'형원',141),(827,'주헌',141),(828,'아이엠',141),(829,'설아',142),(830,'보나',142),(831,'엑시',142),(832,'수빈',142),(833,'루다',142),(834,'다원',142),(835,'은서',142),(836,'여름',142),(837,'다영',142),(838,'연정',142),(839,'세림',143),(840,'앨런',143),(841,'정모',143),(842,'우빈',143),(843,'원진',143),(844,'민희',143),(845,'형준',143),(846,'태영',143),(847,'성민',143),(848,'가을',144),(849,'안유진',144),(850,'레이',144),(851,'장원영',144),(852,'리즈',144),(853,'이서',144),(854,'현민',145),(855,'Jay',145),(856,'가람',145),(857,'인준',145),(858,'미카',145),(859,'김성규',146),(860,'장동우',146),(861,'남우현',146),(862,'이성열',146),(863,'엘',146),(864,'이성종',146),(865,'베이비소울',147),(866,'유지애',147),(867,'서지수',147),(868,'이미주',147),(869,'Kei',147),(870,'JIN',147),(871,'류수정',147),(872,'정예인',147),(873,'이대열',148),(874,'Y',148),(875,'이장준',148),(876,'TAG',148),(877,'배승민',148),(878,'봉재현',148),(879,'김지범',148),(880,'김동현',148),(881,'홍주찬',148),(882,'최보민',148),(883,'쥬리',149),(884,'연희',149),(885,'수윤',149),(886,'윤경',149),(887,'소희',149),(888,'다현',149),(889,'이협',150),(890,'황윤성',150),(891,'주창욱',150),(892,'김동윤',150),(893,'김민서',150),(894,'차준호',150),(895,'알렉스',150),(896,'민정',151),(897,'가흔',151),(898,'채흔',151),(899,'민선',151),(900,'진경',151),(901,'자이온',152),(902,'에미트',152),(903,'무이',152),(904,'헤나',152),(905,'레아',152),(906,'제이니',152),(907,'트리니티',152),(908,'상우',153),(909,'루이',153),(910,'나로',153),(911,'솔',153),(912,'우식',153),(913,'태훈',153),(914,'캡',154),(915,'천지',154),(916,'니엘',154),(917,'리키',154),(918,'창조',154),(919,'록현',155),(920,'종환',155),(921,'찬용',155),(922,'혁진',155),(923,'민우',155),(924,'상훈',155),(925,'창범',155),(926,'진후',156),(927,'쿤',156),(928,'고결',156),(929,'이진혁',156),(930,'비토',156),(931,'김우석',156),(932,'선율',156),(933,'규진',156),(934,'환희',156),(935,'샤오',156),(936,'캐슬제이',157),(937,'빅',157),(938,'민재',157),(939,'휘준',157),(940,'윈',157),(941,'최영원',158),(942,'김원식',158),(943,'지현성',158),(944,'하건희',158),(945,'송승혁',158),(946,'홍성호',158),(947,'김진우',158),(948,'정영욱',158),(949,'최시혁',158),(950,'J.D',158),(951,'채영',159),(952,'유리',159),(953,'혜인',159),(954,'윤정',159),(955,'이석철',160),(956,'이승현',160),(957,'김준욱',160),(958,'이은성',160),(959,'정사강',160),(960,'이우진',160),(961,'소진',161),(962,'유라',161),(963,'민아',161),(964,'혜리',161),(965,'민혁',162),(966,'제이준',162),(967,'싸인',162),(968,'썬',162),(969,'제이빈',162),(970,'솔라',163),(971,'문별',163),(972,'휘인',163),(973,'화사',163),(974,'박장현',164),(975,'박현규',164),(976,'윤은오',164),(977,'이현석',164),(978,'RAVN',165),(979,'서호',165),(980,'이도',165),(981,'건희',165),(982,'환웅',165),(983,'시온',165),(984,'용훈',166),(985,'하린',166),(986,'강현',166),(987,'동명',166),(988,'CyA',166),(989,'박지은',167),(990,'나고은',167),(991,'도시',167),(992,'이레',167),(993,'유키',167),(994,'채인',167),(995,'수안',167),(996,'세리',168),(997,'아영',168),(998,'우희',168),(999,'수빈',168),(1000,'비키',168),(1001,'지율',168),(1002,'가은',168),(1003,'지유',169),(1004,'수아',169),(1005,'시연',169),(1006,'유현',169),(1007,'다미',169),(1008,'지유',170),(1009,'수아',170),(1010,'시연',170),(1011,'한동',170),(1012,'유현',170),(1013,'다미',170),(1014,'가현',170),(1015,'솔지',171),(1016,'LE',171),(1017,'하니',171),(1018,'혜린',171),(1019,'정화',171),(1020,'롬',172),(1021,'시우',172),(1022,'레이',172),(1023,'강준',172),(1024,'T.K',172),(1025,'마루',172),(1026,'세미',173),(1027,'아지',173),(1028,'보름',173),(1029,'수이',173),(1030,'나라',173),(1031,'피치',173),(1032,'지유',173),(1033,'샤인',173),(1034,'영흔',174),(1035,'혜미',174),(1036,'라리사',174),(1037,'파투',175),(1038,'레아',175),(1039,'가비',175),(1040,'스리야',175),(1041,'수미',176),(1042,'예슬',176),(1043,'조아라',176),(1044,'소나',176),(1045,'제로',177),(1046,'비쥬',177),(1047,'호준',177),(1048,'상원',177),(1049,'상도',177),(1050,'태일',178),(1051,'비범',178),(1052,'재효',178),(1053,'유권',178),(1054,'박경',178),(1055,'지코',178),(1056,'피오',178),(1057,'성화',179),(1058,'홍중',179),(1059,'윤호',179),(1060,'여상',179),(1061,'산',179),(1062,'민기',179),(1063,'우영',179),(1064,'종호',179),(1065,'진온',180),(1066,'대건',180),(1067,'래현',180),(1068,'칸',180),(1069,'예준',180),(1070,'라온',181),(1071,'하민',181),(1072,'제이키드',181),(1073,'도진',181),(1074,'진우',181),(1075,'어빈',181),(1076,'건',181),(1077,'민소아',182),(1078,'줄리앤',182),(1079,'멜라니',182),(1080,'티아',182),(1081,'제윤',182),(1082,'민희',183),(1083,'효은',183),(1084,'소영',183),(1085,'영흔',183),(1086,'박시현',184),(1087,'김보아',184),(1088,'나래',184),(1089,'양지원',184),(1090,'김보형',184),(1091,'엔',185),(1092,'레오',185),(1093,'켄',185),(1094,'라비',185),(1095,'혁',185),(1096,'미미',186),(1097,'하나',186),(1098,'해빈',186),(1099,'나영',186),(1100,'세정',186),(1101,'샐리',186),(1102,'소이',186),(1103,'미나',186),(1104,'동헌',187),(1105,'호영',187),(1106,'민찬',187),(1107,'계현',187),(1108,'연호',187),(1109,'용승',187),(1110,'강민',187),(1111,'금미',188),(1112,'소율',188),(1113,'초아',188),(1114,'웨이',188),(1115,'엘린',188),(1116,'차니',189),(1117,'자영',189),(1118,'예슬',189),(1119,'제이나',189),(1120,'신',190),(1121,'J.G',190),(1122,'캐스퍼',190),(1123,'타쿠야',190),(1124,'상민',190),(1125,'용석',190),(1126,'세영',190),(1127,'황우림',191),(1128,'이윤지',191),(1129,'이하영',191),(1130,'소유진',191),(1131,'마은진',191),(1132,'임나영',192),(1133,'김청하',192),(1134,'김세정',192),(1135,'정채연',192),(1136,'주결경',192),(1137,'김소혜',192),(1138,'유연정',192),(1139,'최유정',192),(1140,'강미나',192),(1141,'김도연',192),(1142,'전소미',192),(1143,'윤지성',193),(1144,'하성운',193),(1145,'황민현',193),(1146,'옹성우',193),(1147,'김재환',193),(1148,'강다니엘',193),(1149,'박지훈',193),(1150,'박우진',193),(1151,'배진영',193),(1152,'이대휘',193),(1153,'라이관린',193),(1154,'앤씨아',194),(1155,'우수',195),(1156,'희재',195),(1157,'이레',195),(1158,'문봉',195),(1159,'소리',196),(1160,'영주',196),(1161,'유키카',196),(1162,'하서',196),(1163,'지원',196),(1164,'민트',196),(1165,'예은',196),(1166,'지슬',196),(1167,'수지',196),(1168,'재인',196),(1169,'수린',197),(1170,'은',197),(1171,'지유',197),(1172,'은영',197),(1173,'무스',198),(1174,'대원',198),(1175,'이건',198),(1176,'조타',198),(1177,'허준',198),(1178,'호',198),(1179,'이유',199),(1180,'시현',199),(1181,'미아',199),(1182,'온다',199),(1183,'아샤',199),(1184,'이런',199),(1185,'한빈',200),(1186,'형섭',200),(1187,'혁',200),(1188,'은찬',200),(1189,'LEW',200),(1190,'화랑',200),(1191,'태래',200),(1192,'청하',201),(1193,'정우',202),(1194,'송희',202),(1195,'시명',202),(1196,'승은',202),(1197,'이연',202),(1198,'지안',203),(1199,'연태',203),(1200,'인호',203),(1201,'현욱',203),(1202,'아이젝',203),(1203,'인표',203),(1204,'혜빈',204),(1205,'제인',204),(1206,'나윤',204),(1207,'주이',204),(1208,'아인',204),(1209,'낸시',204),(1210,'권은비',205),(1211,'미야와키 사쿠라',205),(1212,'강혜원',205),(1213,'최예나',205),(1214,'이채연',205),(1215,'김채원',205),(1216,'김민주',205),(1217,'야부키 나코',205),(1218,'혼다 히토미',205),(1219,'조유리',205),(1220,'안유진',205),(1221,'장원영',205),(1222,'다연',206),(1223,'백아',206),(1224,'이안',206),(1225,'테리',206),(1226,'도희',206),(1227,'메이',206),(1228,'미야',207),(1229,'서경',207),(1230,'서령',207),(1231,'앤',207),(1232,'민주',207),(1233,'소소',207),(1234,'레나',207),(1235,'리세',208),(1236,'애슐리',208),(1237,'은비',208),(1238,'소정',208),(1239,'주니',208),(1240,'희진',209),(1241,'현진',209),(1242,'하슬',209),(1243,'여진',209),(1244,'비비',209),(1245,'김립',209),(1246,'진솔',209),(1247,'최리',209),(1248,'이브',209),(1249,'츄',209),(1250,'고원',209),(1251,'올리비아 혜',209),(1252,'도모',210),(1253,'시류',210),(1254,'민규',210),(1255,'조하',210),(1256,'전웅',211),(1257,'김동현',211),(1258,'박우진',211),(1259,'이대휘',211),(1260,'박지훈',212),(1261,'이신',213),(1262,'손준형',213),(1263,'이강성',213),(1264,'최준성',213),(1265,'프린스',213),(1266,'이우진',213),(1267,'이진우',213),(1268,'희승',214),(1269,'제이',214),(1270,'제이크',214),(1271,'성훈',214),(1272,'선우',214),(1273,'정원',214),(1274,'니키',214),(1275,'아이네',215),(1276,'징버거',215),(1277,'릴파',215),(1278,'주르르',215),(1279,'고세구',215),(1280,'비챤',215),(1281,'이해리',216),(1282,'강민경',216),(1283,'라은',217),(1284,'유희',217),(1285,'다연',217),(1286,'메딕 진',218),(1287,'지강',218),(1288,'세흔',218),(1289,'엘린',218),(1290,'허유진',219),(1291,'황윤정',219),(1292,'윤은기',219),(1293,'하늘',220),(1294,'주연',220),(1295,'유키',220),(1296,'아연',220),(1297,'민서',220),(1298,'소희',221),(1299,'오로라',221),(1300,'새봄',221),(1301,'루',221),(1302,'채빈',221),(1303,'하루',221),(1304,'로하',221),(1305,'유채',221),(1306,'선샤인',221),(1307,'다정',222),(1308,'승민',222),(1309,'수빈',222),(1310,'한도경',223),(1311,'금주',223),(1312,'아빈',224),(1313,'채이',224),(1314,'하유',224),(1315,'나예',224),(1316,'엘라',224),(1317,'박시현',225),(1318,'김보아',225),(1319,'나래',225),(1320,'양지원',225),(1321,'김보형',225),(1322,'나나',226),(1323,'우연',226),(1324,'소라',226),(1325,'루시',226),(1326,'민서',226),(1327,'오준석',227),(1328,'류준민',227),(1329,'배현준',227),(1330,'석락원',227),(1331,'정승환',227),(1332,'김연규',227),(1333,'원빈',227),(1334,'유진',228),(1335,'건',228),(1336,'대이먼',228),(1337,'세진',228),(1338,'시오',228),(1339,'JDV',228),(1340,'DK',229),(1341,'루이',229),(1342,'동혁',229),(1343,'시우',229),(1344,'마이키',229),(1345,'U',229),(1346,'영빈',229),(1347,'성준',229),(1348,'소담',229),(1349,'천준혁',230),(1350,'은휘',230),(1351,'오성준',230),(1352,'우경준',230),(1353,'최태훈',230),(1354,'장현수',230),(1355,'은호',231),(1356,'스티브',231),(1357,'현승',231),(1358,'은상',231),(1359,'형석',231),(1360,'우노',231),(1361,'DEY',231),(1362,'경문',231),(1363,'시온',231),(1364,'이든',232),(1365,'위니',232),(1366,'제원',232),(1367,'민준',232),(1368,'반',232),(1369,'베리',232),(1370,'서원',232),(1371,'태훈',232),(1372,'주형',232),(1373,'지호',232),(1374,'창선',233),(1375,'주안',233),(1376,'재준',233),(1377,'성혁',233),(1378,'현엽',233),(1379,'태훈',233),(1380,'지성',233),(1381,'제우',234),(1382,'유인',234),(1383,'호수',234),(1384,'태영',234),(1385,'인태',234),(1386,'영훈',234),(1387,'류제이',235),(1388,'리한',235),(1389,'시타',235),(1390,'라오츠',235),(1391,'로신',235),(1392,'가빈케이',235),(1393,'주강',235),(1394,'하빛',236),(1395,'리온',236),(1396,'윤우',236),(1397,'한국',236),(1398,'라엘',236),(1399,'은일',236),(1400,'예찬',236),(1401,'건일',237),(1402,'정수',237),(1403,'가온',237),(1404,'O.de',237),(1405,'Jun Han',237),(1406,'주연',237),(1407,'종원',238),(1408,'병철',238),(1409,'은총',238),(1410,'본석',238),(1411,'희상',238),(1412,'준호',238),(1413,'건민',239),(1414,'현수',239),(1415,'류타',239),(1416,'박하',239),(1417,'후미야',239),(1418,'고건',239),(1419,'윤솔',239),(1420,'타이치',239),(1421,'히나타',239),(1422,'료',239),(1423,'태훈',239),(1424,'영빈',240),(1425,'수일',240),(1426,'스티븐',240),(1427,'우빈',240),(1428,'아이덴',241),(1429,'하엘',241),(1430,'로한',241),(1431,'칸',241),(1432,'지니',241),(1433,'재훈',241),(1434,'잭',242),(1435,'오뉴',242),(1436,'제미니',242),(1437,'아카이로 류',242),(1438,'재한',243),(1439,'휘찬',243),(1440,'세빈',243),(1441,'한겸',243),(1442,'태동',243),(1443,'XEN',243),(1444,'제현',243),(1445,'케빈',243),(1446,'정훈',243),(1447,'혁',243),(1448,'예찬',243),(1449,'이건우',244),(1450,'배인',244),(1451,'임지민',244),(1452,'JM',244),(1453,'전도염',244),(1454,'김상우',244),(1455,'진화',245),(1456,'고유',245),(1457,'주한',245),(1458,'샤',245),(1459,'크리스',245),(1460,'루탄',245),(1461,'우주',245),(1462,'필립',246),(1463,'구원',246),(1464,'형석',246),(1465,'창현',246),(1466,'동화',246),(1467,'노아',246),(1468,'형진',247),(1469,'윤혁',247),(1470,'재민',247),(1471,'창훈',247),(1472,'호준',247),(1473,'기현',247),(1474,'로현',247),(1475,'은호',247),(1476,'지성',247),(1477,'승원',247),(1478,'탄',248),(1479,'휘',248),(1480,'현빈',248),(1481,'케이타',248),(1482,'태그',248),(1483,'도환',248),(1484,'원',248),(1485,'전세진',249),(1486,'주원대',249),(1487,'윤다로',249),(1488,'장윤성',249),(1489,'이판도',249),(1490,'최용훈',249),(1491,'권태은',249),(1492,'김현우',250),(1493,'박홍',250),(1494,'손현우',250),(1495,'신용국',250),(1496,'유현우',250),(1497,'이기현',250),(1498,'단',251),(1499,'아서',251),(1500,'무진',251),(1501,'루이',251),(1502,'아이반',251),(1503,'자한',251),(1504,'노아',252),(1505,'시안',252),(1506,'케빈',252),(1507,'건우',252),(1508,'레오',252),(1509,'온',252),(1510,'제로',252),(1511,'카이리',252),(1512,'키오',252),(1513,'찬승',253),(1514,'에디',253),(1515,'백한',253),(1516,'데이',253),(1517,'TEEN',253),(1518,'테오',254),(1519,'기호',254),(1520,'지웅',254),(1521,'인탁',254),(1522,'소울',254),(1523,'종섭',254);
/*!40000 ALTER TABLE `idol_member` ENABLE KEYS */;
UNLOCK TABLES;

--
-- Table structure for table `interest_idol`
--

DROP TABLE IF EXISTS `interest_idol`;
/*!40101 SET @saved_cs_client     = @@character_set_client */;
/*!50503 SET character_set_client = utf8mb4 */;
CREATE TABLE `interest_idol` (
  `id` int NOT NULL,
  `idol_id` int NOT NULL,
  `user_id` int NOT NULL,
  PRIMARY KEY (`id`),
  KEY `FKe90d9haohsjwkv700vkb5gne1` (`idol_id`),
  KEY `FKorx015dc964te4vcx6kur2fpv` (`user_id`),
  CONSTRAINT `FKe90d9haohsjwkv700vkb5gne1` FOREIGN KEY (`idol_id`) REFERENCES `idol` (`id`),
  CONSTRAINT `FKorx015dc964te4vcx6kur2fpv` FOREIGN KEY (`user_id`) REFERENCES `user` (`id`)
) ENGINE=InnoDB DEFAULT CHARSET=utf8mb4 COLLATE=utf8mb4_0900_ai_ci;
/*!40101 SET character_set_client = @saved_cs_client */;

--
-- Dumping data for table `interest_idol`
--

LOCK TABLES `interest_idol` WRITE;
/*!40000 ALTER TABLE `interest_idol` DISABLE KEYS */;
INSERT INTO `interest_idol` VALUES (8,20,4),(9,33,4),(96,37,6),(283,144,7),(295,144,8),(332,7,4),(333,8,4),(334,27,4),(335,32,4);
/*!40000 ALTER TABLE `interest_idol` ENABLE KEYS */;
UNLOCK TABLES;

--
-- Table structure for table `interest_song`
--

DROP TABLE IF EXISTS `interest_song`;
/*!40101 SET @saved_cs_client     = @@character_set_client */;
/*!50503 SET character_set_client = utf8mb4 */;
CREATE TABLE `interest_song` (
  `id` int NOT NULL,
  `song_id` int NOT NULL,
  `user_id` int NOT NULL,
  PRIMARY KEY (`id`),
  KEY `FKkb7br2sfxtpfi8be0sotafewv` (`song_id`),
  KEY `FK46nowdmxb8aagskv5l2gxf162` (`user_id`),
  CONSTRAINT `FK46nowdmxb8aagskv5l2gxf162` FOREIGN KEY (`user_id`) REFERENCES `user` (`id`),
  CONSTRAINT `FKkb7br2sfxtpfi8be0sotafewv` FOREIGN KEY (`song_id`) REFERENCES `song` (`id`)
) ENGINE=InnoDB DEFAULT CHARSET=utf8mb4 COLLATE=utf8mb4_0900_ai_ci;
/*!40101 SET character_set_client = @saved_cs_client */;

--
-- Dumping data for table `interest_song`
--

LOCK TABLES `interest_song` WRITE;
/*!40000 ALTER TABLE `interest_song` DISABLE KEYS */;
INSERT INTO `interest_song` VALUES (7,22,4),(293,26,8),(294,27,8),(331,31,4);
/*!40000 ALTER TABLE `interest_song` ENABLE KEYS */;
UNLOCK TABLES;

--
-- Table structure for table `like_comment`
--

DROP TABLE IF EXISTS `like_comment`;
/*!40101 SET @saved_cs_client     = @@character_set_client */;
/*!50503 SET character_set_client = utf8mb4 */;
CREATE TABLE `like_comment` (
  `id` int NOT NULL,
  `comment_id` int NOT NULL,
  `user_id` int NOT NULL,
  PRIMARY KEY (`id`),
  KEY `FKh0r3rvwkfrav930797rs2d9y1` (`comment_id`),
  KEY `FKda02ibmlxln75b1lato8698nv` (`user_id`),
  CONSTRAINT `FKda02ibmlxln75b1lato8698nv` FOREIGN KEY (`user_id`) REFERENCES `user` (`id`),
  CONSTRAINT `FKh0r3rvwkfrav930797rs2d9y1` FOREIGN KEY (`comment_id`) REFERENCES `comment` (`id`)
) ENGINE=InnoDB DEFAULT CHARSET=utf8mb4 COLLATE=utf8mb4_0900_ai_ci;
/*!40101 SET character_set_client = @saved_cs_client */;

--
-- Dumping data for table `like_comment`
--

LOCK TABLES `like_comment` WRITE;
/*!40000 ALTER TABLE `like_comment` DISABLE KEYS */;
INSERT INTO `like_comment` VALUES (74,63,9),(230,170,8),(266,63,8),(267,64,8),(302,301,7),(352,75,7),(353,265,7),(354,63,7),(355,64,7),(371,79,1);
/*!40000 ALTER TABLE `like_comment` ENABLE KEYS */;
UNLOCK TABLES;

--
-- Table structure for table `like_pop`
--

DROP TABLE IF EXISTS `like_pop`;
/*!40101 SET @saved_cs_client     = @@character_set_client */;
/*!50503 SET character_set_client = utf8mb4 */;
CREATE TABLE `like_pop` (
  `id` int NOT NULL,
  `pop_id` int NOT NULL,
  `user_id` int NOT NULL,
  PRIMARY KEY (`id`),
  KEY `FKeany7445arso7tpi88d0mt4ia` (`pop_id`),
  KEY `FKncsbdv8dna800hgjfvf6m9u5n` (`user_id`),
  CONSTRAINT `FKeany7445arso7tpi88d0mt4ia` FOREIGN KEY (`pop_id`) REFERENCES `pop` (`id`),
  CONSTRAINT `FKncsbdv8dna800hgjfvf6m9u5n` FOREIGN KEY (`user_id`) REFERENCES `user` (`id`)
) ENGINE=InnoDB DEFAULT CHARSET=utf8mb4 COLLATE=utf8mb4_0900_ai_ci;
/*!40101 SET character_set_client = @saved_cs_client */;

--
-- Dumping data for table `like_pop`
--

LOCK TABLES `like_pop` WRITE;
/*!40000 ALTER TABLE `like_pop` DISABLE KEYS */;
INSERT INTO `like_pop` VALUES (36,18,9),(41,20,9),(45,21,9),(49,26,9),(54,34,4),(57,16,9),(66,23,6),(68,31,9),(71,23,9),(83,34,9),(86,26,6),(168,106,9),(192,26,4),(206,32,8),(225,28,4),(234,32,9),(262,23,8),(270,109,8),(276,114,8),(299,297,7),(313,125,8),(326,122,4),(337,139,4),(340,127,4),(356,23,7),(369,26,1);
/*!40000 ALTER TABLE `like_pop` ENABLE KEYS */;
UNLOCK TABLES;

--
-- Table structure for table `pop`
--

DROP TABLE IF EXISTS `pop`;
/*!40101 SET @saved_cs_client     = @@character_set_client */;
/*!50503 SET character_set_client = utf8mb4 */;
CREATE TABLE `pop` (
  `id` int NOT NULL,
  `content` varchar(255) DEFAULT NULL,
  `create_date` datetime(6) NOT NULL,
  `end_second` int NOT NULL,
  `is_muted` bit(1) NOT NULL,
  `name` varchar(255) NOT NULL,
  `start_second` int NOT NULL,
  `views` int NOT NULL,
  `user_id` int NOT NULL,
  `youtube_id` int NOT NULL,
  PRIMARY KEY (`id`),
  KEY `FKlh88nyaaj5hgoxc6eumyufym` (`user_id`),
  KEY `FKt40fhl5yl6eka5xfyad19txcd` (`youtube_id`),
  CONSTRAINT `FKlh88nyaaj5hgoxc6eumyufym` FOREIGN KEY (`user_id`) REFERENCES `user` (`id`),
  CONSTRAINT `FKt40fhl5yl6eka5xfyad19txcd` FOREIGN KEY (`youtube_id`) REFERENCES `youtube` (`id`)
) ENGINE=InnoDB DEFAULT CHARSET=utf8mb4 COLLATE=utf8mb4_0900_ai_ci;
/*!40101 SET character_set_client = @saved_cs_client */;

--
-- Dumping data for table `pop`
--

LOCK TABLES `pop` WRITE;
/*!40000 ALTER TABLE `pop` DISABLE KEYS */;
INSERT INTO `pop` VALUES (16,'11','2022-08-19 11:10:51.667617',26,_binary '\0','팝팝',12,3,4,15),(18,'ㅎㅎ','2022-08-19 11:12:15.430805',1189,_binary '\0','ㅎㅎ',416,3,4,17),(20,'와 이거 서비스 너무 신기하다','2022-08-19 11:12:20.062368',108,_binary '\0','오호호',95,1,9,19),(21,'ㅎㅅ','2022-08-19 11:12:30.350689',1450,_binary '\0','ㅎㅅ',1063,4,4,17),(23,'유정이 댕댕미 미쵸','2022-08-19 11:14:16.168585',380,_binary '\0','귀엽유댕댕',261,6,5,22),(26,'이것도 벌써 오래됐네...','2022-08-19 11:15:15.884023',78,_binary '\0','너무너무너무~~~',70,11,9,24),(28,'얘넨 누굴까','2022-08-19 11:19:28.792474',7,_binary '\0','Who Are They',0,9,9,27),(31,'이게 노래지ㅇㅇ','2022-08-19 11:19:57.269185',8,_binary '\0','아이즈원 포에버~~~',0,12,9,30),(32,'이게 노래지ㅇㅇ','2022-08-19 11:19:57.771592',8,_binary '\0','아이즈원 포에버~~~',0,24,9,30),(34,'광희 있던데가 여긴가..? 오 임시완도 있었구나ㅋㅋㅋㅋ 원래 배우로 데뷔한줄','2022-08-19 11:23:22.184953',233,_binary '\0','지아~~',0,6,9,33),(97,'d','2022-08-19 12:04:59.523295',1049,_binary '\0','ddd',406,1,4,17),(100,'ㅎㅇㅎㅇ 안녕하세요~','2022-08-19 12:05:13.209847',9,_binary '\0','아이들은 아니지만...',0,4,9,99),(103,'ㅎㅎ','2022-08-19 12:05:22.687860',345,_binary '\0','ㅎㅎ',255,1,4,102),(106,'어머어머','2022-08-19 12:05:32.194612',198,_binary '\0','어머어머',187,1,9,105),(109,'대박사건!!!!!!!!!','2022-08-19 12:05:47.588633',5,_binary '\0','헐 대박',2,4,9,108),(112,'웬디 세젤예 나를 가져요','2022-08-19 12:05:49.567181',2089,_binary '\0','레드벨벳 존예 !!!',1097,6,6,111),(114,'ㅎㅅㅎ','2022-08-19 12:05:53.184326',35,_binary '\0','ㅎㅅㅎㅎ',24,1,4,113),(118,'ㅎㅎㅎㅎㅎ','2022-08-19 12:06:03.734744',343,_binary '\0','ㅎㅎㅎㅎ',0,0,4,117),(122,'최고야...','2022-08-19 12:06:13.419347',137,_binary '\0','너무 귀여워ㅠㅠ',94,3,9,121),(125,'BTS!!!!','2022-08-19 12:06:14.416988',248,_binary '\0','BTS 봉준호 김연아, 그리고 최은우',231,8,9,124),(127,'BTS!!!!','2022-08-19 12:06:14.847281',248,_binary '\0','BTS 봉준호 김연아, 그리고 최은우',231,6,9,124),(130,'ㅎㅎㅎㅎㅎ','2022-08-19 12:06:21.720663',218,_binary '\0','ㅎㅎㅎㅎㅎ',133,1,4,129),(133,'러블리즈 최고...','2022-08-19 12:06:37.397166',41,_binary '\0','러블리즈...',25,5,9,132),(136,'ㅎㅎㅎㅎㅎ','2022-08-19 12:06:37.824498',43,_binary '\0','ㅎㅎㅎㅎㅎ',36,1,4,135),(139,'피드를 꾸며보아요~~~','2022-08-19 12:06:46.361714',17,_binary '\0','이달의 소녀~~~',16,2,9,138),(143,'윤경이ㅠㅠㅠㅠ','2022-08-19 12:07:06.564398',56,_binary '\0','윤경...',37,1,9,142),(147,'ㅇㅅㅇ','2022-08-19 12:07:21.298786',204,_binary '\0','ㅇㅅㅇㅇ',0,0,4,146),(152,'호호호호호','2022-08-19 12:07:30.256243',186,_binary '\0','하하하하하하',162,2,9,151),(155,'ㅎㅇㅎ','2022-08-19 12:07:33.418219',1606,_binary '\0','ㅎㅅㅎ',0,0,4,154),(159,'빠끄소녀...?','2022-08-19 12:07:43.814548',68,_binary '\0','공원소녀...?',60,3,9,158),(176,'짱!!!','2022-08-19 12:09:20.391365',956,_binary '\0','소시짱',807,0,4,17),(181,'우리도 다 늙었습니다~~ 아 저는 베이비복스 세대는 아닙니다~','2022-08-19 12:09:31.793180',12,_binary '\0','베이비복스!!!',6,6,9,180),(186,'ㄳㄱ','2022-08-19 12:10:01.127748',691,_binary '\0','ㄳㄱ',425,0,4,17),(200,'과연 누가 이길까!!','2022-08-19 12:13:50.614367',357,_binary '\0','두근두근',353,0,4,102),(297,'너무 좋아....','2022-08-19 12:59:21.101069',302,_binary '\0','아이브.... 최고야...',291,1,8,296),(304,'아이브!!!!!','2022-08-19 13:04:18.948531',38,_binary '\0','최고의 아이돌은 누구?? ',33,1,8,303),(306,'최고야...','2022-08-19 13:05:46.532877',47,_binary '\0','아이브 이서.. 천재 아이돌',22,1,8,305),(323,'넘 귀엽다','2022-08-19 13:20:23.734419',19,_binary '\0','엥 에반데..',17,0,9,322),(329,'ㅎㅎㅎ','2022-08-19 13:31:03.939256',603,_binary '\0','ㅎㅎ',458,0,4,17),(345,'ㅎㅎㅎ','2022-08-19 13:41:14.938769',130,_binary '\0','모두수고하셨습니당ㅇㅇ',120,0,4,342),(349,'수고했어~~~','2022-08-19 14:39:30.491281',186,_binary '\0','덕지덕질',170,0,4,347),(361,'난 서태지다','2022-08-19 15:51:37.451156',133,_binary '\0','갱키즈는 아이돌?',35,1,1,359),(363,'잘리나?','2022-08-19 15:52:05.289785',151,_binary '\0','제대로',42,1,1,359),(379,'ㅎㅈ','2022-08-19 22:50:28.456495',564,_binary '\0','ㅎ2',342,0,4,378);
/*!40000 ALTER TABLE `pop` ENABLE KEYS */;
UNLOCK TABLES;

--
-- Table structure for table `pop_in_feed`
--

DROP TABLE IF EXISTS `pop_in_feed`;
/*!40101 SET @saved_cs_client     = @@character_set_client */;
/*!50503 SET character_set_client = utf8mb4 */;
CREATE TABLE `pop_in_feed` (
  `id` int NOT NULL,
  `feed_id` int NOT NULL,
  `pop_id` int NOT NULL,
  PRIMARY KEY (`id`),
  KEY `FK88rpynawii3e37v57pf6vhlir` (`feed_id`),
  KEY `FKo70okb67ywhj03n6jy0ty0x99` (`pop_id`),
  CONSTRAINT `FK88rpynawii3e37v57pf6vhlir` FOREIGN KEY (`feed_id`) REFERENCES `feed` (`id`),
  CONSTRAINT `FKo70okb67ywhj03n6jy0ty0x99` FOREIGN KEY (`pop_id`) REFERENCES `pop` (`id`)
) ENGINE=InnoDB DEFAULT CHARSET=utf8mb4 COLLATE=utf8mb4_0900_ai_ci;
/*!40101 SET character_set_client = @saved_cs_client */;

--
-- Dumping data for table `pop_in_feed`
--

LOCK TABLES `pop_in_feed` WRITE;
/*!40000 ALTER TABLE `pop_in_feed` DISABLE KEYS */;
INSERT INTO `pop_in_feed` VALUES (115,6,114),(119,7,118),(128,14,127),(131,7,130),(134,14,133),(137,7,136),(140,14,139),(144,14,143),(148,8,147),(160,14,159),(177,6,176),(187,6,186),(201,13,200),(324,14,323),(330,6,329),(346,6,345),(350,6,349),(364,1,363),(380,6,379);
/*!40000 ALTER TABLE `pop_in_feed` ENABLE KEYS */;
UNLOCK TABLES;

--
-- Table structure for table `show_pop`
--

DROP TABLE IF EXISTS `show_pop`;
/*!40101 SET @saved_cs_client     = @@character_set_client */;
/*!50503 SET character_set_client = utf8mb4 */;
CREATE TABLE `show_pop` (
  `id` int NOT NULL,
  `pop_id` int NOT NULL,
  `user_id` int NOT NULL,
  PRIMARY KEY (`id`),
  KEY `FK23ywldpr02idot5quenf1a247` (`pop_id`),
  KEY `FK9ur7ylncdoufvmewsks20fmsk` (`user_id`),
  CONSTRAINT `FK23ywldpr02idot5quenf1a247` FOREIGN KEY (`pop_id`) REFERENCES `pop` (`id`),
  CONSTRAINT `FK9ur7ylncdoufvmewsks20fmsk` FOREIGN KEY (`user_id`) REFERENCES `user` (`id`)
) ENGINE=InnoDB DEFAULT CHARSET=utf8mb4 COLLATE=utf8mb4_0900_ai_ci;
/*!40101 SET character_set_client = @saved_cs_client */;

--
-- Dumping data for table `show_pop`
--

LOCK TABLES `show_pop` WRITE;
/*!40000 ALTER TABLE `show_pop` DISABLE KEYS */;
INSERT INTO `show_pop` VALUES (35,18,9),(37,18,9),(39,16,9),(40,20,9),(42,20,9),(44,21,9),(46,21,9),(48,26,9),(50,26,9),(51,34,4),(53,34,4),(55,34,4),(56,16,9),(58,16,9),(60,28,6),(61,16,6),(62,23,6),(65,31,9),(67,23,6),(69,31,9),(70,23,9),(72,23,9),(76,34,6),(77,32,6),(78,26,6),(80,34,9),(81,26,6),(82,26,6),(84,34,9),(85,26,6),(87,26,6),(89,34,6),(91,18,4),(92,21,4),(93,18,6),(116,112,6),(141,139,6),(145,133,6),(150,127,6),(157,127,6),(162,100,6),(163,32,6),(164,28,6),(165,28,6),(166,106,9),(169,106,9),(171,26,6),(172,109,9),(173,159,6),(174,159,6),(175,152,6),(179,159,6),(184,181,9),(185,181,6),(189,181,6),(190,181,6),(191,26,4),(193,26,4),(194,32,4),(195,31,6),(196,31,6),(197,32,6),(198,31,6),(203,26,8),(204,103,6),(205,32,8),(207,32,8),(208,97,6),(209,136,6),(210,28,9),(211,31,6),(213,31,6),(214,32,6),(215,32,8),(216,31,6),(217,32,6),(218,34,8),(219,31,4),(220,32,6),(221,28,4),(222,28,8),(223,32,6),(224,28,4),(226,28,4),(227,28,8),(228,28,4),(231,31,6),(232,32,9),(233,32,6),(235,32,9),(236,112,4),(237,112,4),(238,109,4),(239,100,4),(240,32,6),(241,181,6),(242,130,6),(243,143,4),(244,181,6),(245,32,6),(246,31,6),(247,32,6),(248,152,6),(249,26,6),(250,32,6),(251,32,6),(252,32,6),(253,32,6),(254,31,6),(255,31,6),(256,32,6),(261,23,8),(263,23,8),(264,32,6),(268,100,8),(269,109,8),(271,109,8),(273,112,8),(275,114,8),(277,114,8),(279,122,8),(282,127,8),(284,125,5),(285,125,4),(286,125,5),(287,127,5),(288,127,5),(289,112,5),(290,112,5),(291,32,6),(292,32,6),(298,297,7),(300,297,7),(307,125,8),(308,125,8),(309,125,8),(311,125,8),(312,125,8),(314,125,8),(315,125,8),(316,125,8),(317,304,5),(321,306,8),(325,122,4),(327,122,4),(336,139,4),(338,139,4),(339,127,4),(341,127,4),(351,23,7),(357,23,7),(358,23,1),(362,361,1),(365,363,1),(368,26,1),(370,26,1),(373,133,4),(374,26,3),(375,32,3),(376,23,3),(377,133,3);
/*!40000 ALTER TABLE `show_pop` ENABLE KEYS */;
UNLOCK TABLES;

--
-- Table structure for table `show_youtube`
--

DROP TABLE IF EXISTS `show_youtube`;
/*!40101 SET @saved_cs_client     = @@character_set_client */;
/*!50503 SET character_set_client = utf8mb4 */;
CREATE TABLE `show_youtube` (
  `id` int NOT NULL,
  `user_id` int NOT NULL,
  `youtube_id` int NOT NULL,
  PRIMARY KEY (`id`),
  KEY `FK1347tpcc82e8sm3mi5hlh617j` (`user_id`),
  KEY `FKnm833t0sxxt54wai9nmkekjea` (`youtube_id`),
  CONSTRAINT `FK1347tpcc82e8sm3mi5hlh617j` FOREIGN KEY (`user_id`) REFERENCES `user` (`id`),
  CONSTRAINT `FKnm833t0sxxt54wai9nmkekjea` FOREIGN KEY (`youtube_id`) REFERENCES `youtube` (`id`)
) ENGINE=InnoDB DEFAULT CHARSET=utf8mb4 COLLATE=utf8mb4_0900_ai_ci;
/*!40101 SET character_set_client = @saved_cs_client */;

--
-- Dumping data for table `show_youtube`
--

LOCK TABLES `show_youtube` WRITE;
/*!40000 ALTER TABLE `show_youtube` DISABLE KEYS */;
/*!40000 ALTER TABLE `show_youtube` ENABLE KEYS */;
UNLOCK TABLES;

--
-- Table structure for table `song`
--

DROP TABLE IF EXISTS `song`;
/*!40101 SET @saved_cs_client     = @@character_set_client */;
/*!50503 SET character_set_client = utf8mb4 */;
CREATE TABLE `song` (
  `id` int NOT NULL,
  `content` varchar(255) DEFAULT NULL,
  `name` varchar(255) NOT NULL,
  PRIMARY KEY (`id`)
) ENGINE=InnoDB DEFAULT CHARSET=utf8mb4 COLLATE=utf8mb4_0900_ai_ci;
/*!40101 SET character_set_client = @saved_cs_client */;

--
-- Dumping data for table `song`
--

LOCK TABLES `song` WRITE;
/*!40000 ALTER TABLE `song` DISABLE KEYS */;
INSERT INTO `song` VALUES (1,'몽환적','CLOSER(오마이걸)'),(2,'신나는','CHEER UP(트와이스)'),(3,'파티','Feel Special(트와이스)'),(4,'섹시,치명','4 Walls(에프엑스)'),(5,'동화같은','Can\'t We Just Leave The Monster Alive(투모로우바이투게더)'),(6,'사극,동양풍','HWAA(아이들)'),(7,'화려하게 반짝이는','환상동화(아이즈원)'),(8,'아련한','같은 곳에서(소녀온탑)'),(9,'잔잔한','너 없인 안된다(BTOB)'),(10,'청량한','예쁘다(세븐틴)'),(11,'몽환적','하늘을 넘어(드림캐쳐)'),(12,'신나는','Dumb Dumb(레드벨벳)'),(13,'파티','Holiday(소녀시대)'),(14,'섹시,치명','Lo Siento(슈퍼주니어)'),(15,'동화같은','유리구두(프로미스나인)'),(16,'사극,동양풍','Shangri-la(빅스)'),(17,'화려하게 반짝이는','LATATA(아이들)'),(18,'아련한','너와 나(NCT)'),(19,'잔잔한','Beautiful(워너원)'),(20,'청량한','고래(NCT)'),(21,'몽환적','Butterfly(BTS)'),(22,'신나는','VERY NICE(세븐틴)'),(23,'파티','RBB(레드벨벳)'),(24,'동화같은','April Story(APRIL)'),(25,'사극,동양풍','TIME OF SORROW(VICTON)'),(26,'화려하게 반짝이는','Psycho(레드벨벳)'),(27,'잔잔한','공허해(WINNER)'),(28,'청량한','THRILL RIDE(THE BOYZ)'),(29,'신나는','붐바야(블랙핑크)'),(30,'파티','Mamma Mia!(카라)'),(31,'사극,동양풍','Desntiny(오마이걸)'),(32,'화려하게 반짝이는','게릴라(오마이걸)'),(33,'잔잔한','봄날(BTS)'),(34,'청량한','View(SHINee)'),(35,'가창력','내손을 잡아(아이유)'),(36,'잔잔한','밤편지(아이유)'),(37,'동화같은','너랑나(아이유)');
/*!40000 ALTER TABLE `song` ENABLE KEYS */;
UNLOCK TABLES;

--
-- Table structure for table `song_idol`
--

DROP TABLE IF EXISTS `song_idol`;
/*!40101 SET @saved_cs_client     = @@character_set_client */;
/*!50503 SET character_set_client = utf8mb4 */;
CREATE TABLE `song_idol` (
  `id` int NOT NULL,
  `idol_id` int NOT NULL,
  `song_id` int NOT NULL,
  PRIMARY KEY (`id`),
  KEY `FK409dsqf7m5qf5t3qxpxcdsgwi` (`idol_id`),
  KEY `FKdr0kybnbcxs91dp1ubl50yuip` (`song_id`),
  CONSTRAINT `FK409dsqf7m5qf5t3qxpxcdsgwi` FOREIGN KEY (`idol_id`) REFERENCES `idol` (`id`),
  CONSTRAINT `FKdr0kybnbcxs91dp1ubl50yuip` FOREIGN KEY (`song_id`) REFERENCES `song` (`id`)
) ENGINE=InnoDB DEFAULT CHARSET=utf8mb4 COLLATE=utf8mb4_0900_ai_ci;
/*!40101 SET character_set_client = @saved_cs_client */;

--
-- Dumping data for table `song_idol`
--

LOCK TABLES `song_idol` WRITE;
/*!40000 ALTER TABLE `song_idol` DISABLE KEYS */;
/*!40000 ALTER TABLE `song_idol` ENABLE KEYS */;
UNLOCK TABLES;

--
-- Table structure for table `store_youtube`
--

DROP TABLE IF EXISTS `store_youtube`;
/*!40101 SET @saved_cs_client     = @@character_set_client */;
/*!50503 SET character_set_client = utf8mb4 */;
CREATE TABLE `store_youtube` (
  `id` int NOT NULL,
  `user_id` int NOT NULL,
  `youtube_id` int NOT NULL,
  PRIMARY KEY (`id`),
  KEY `FKaqrvm5rdnacjqw3ksy391bftq` (`user_id`),
  KEY `FKsjrrr8b4xy1dvc7g7jxqcq1gh` (`youtube_id`),
  CONSTRAINT `FKaqrvm5rdnacjqw3ksy391bftq` FOREIGN KEY (`user_id`) REFERENCES `user` (`id`),
  CONSTRAINT `FKsjrrr8b4xy1dvc7g7jxqcq1gh` FOREIGN KEY (`youtube_id`) REFERENCES `youtube` (`id`)
) ENGINE=InnoDB DEFAULT CHARSET=utf8mb4 COLLATE=utf8mb4_0900_ai_ci;
/*!40101 SET character_set_client = @saved_cs_client */;

--
-- Dumping data for table `store_youtube`
--

LOCK TABLES `store_youtube` WRITE;
/*!40000 ALTER TABLE `store_youtube` DISABLE KEYS */;
INSERT INTO `store_youtube` VALUES (25,9,24),(29,9,27),(95,9,94),(120,6,111),(167,4,102),(328,4,17),(344,4,342),(348,4,347),(360,1,359),(367,1,366);
/*!40000 ALTER TABLE `store_youtube` ENABLE KEYS */;
UNLOCK TABLES;

--
-- Table structure for table `user`
--

DROP TABLE IF EXISTS `user`;
/*!40101 SET @saved_cs_client     = @@character_set_client */;
/*!50503 SET character_set_client = utf8mb4 */;
CREATE TABLE `user` (
  `id` int NOT NULL,
  `auth` varchar(255) DEFAULT NULL,
  `birth_date` datetime(6) DEFAULT NULL,
  `content` varchar(255) DEFAULT NULL,
  `email` varchar(255) NOT NULL,
  `name` varchar(255) NOT NULL,
  `nickname` varchar(255) NOT NULL,
  `password` varchar(255) NOT NULL,
  `phone` varchar(255) DEFAULT NULL,
  `profile_image_url` varchar(255) DEFAULT NULL,
  PRIMARY KEY (`id`)
) ENGINE=InnoDB DEFAULT CHARSET=utf8mb4 COLLATE=utf8mb4_0900_ai_ci;
/*!40101 SET character_set_client = @saved_cs_client */;

--
-- Dumping data for table `user`
--

LOCK TABLES `user` WRITE;
/*!40000 ALTER TABLE `user` DISABLE KEYS */;
INSERT INTO `user` VALUES (1,NULL,'2000-01-01 00:00:00.000000','컨설턴트님 계정입니다~','crazygun22@ssafy.com','최인국','컨설턴트','crazygun22!','01012345678','http://img.cgv.co.kr/Movie/Thumbnail/StillCut/000083/83127/83127204223_727.jpg'),(2,NULL,'2001-02-03 00:00:00.000000','하영 코치님 계정입니다~','hycoach@ssafy.com','최하영','하영 코치님','hycoach1234!','01012345678','http://img.cgv.co.kr/Movie/Thumbnail/StillCut/000083/83127/83127204223_727.jpg'),(3,NULL,'2002-03-04 00:00:00.000000','영진 코치님 계정입니다~','yjcoach@ssafy.com','안영진','영진 코치님','yjcoach1234!','01012345678','http://img.cgv.co.kr/Movie/Thumbnail/StillCut/000083/83127/83127204223_727.jpg'),(4,NULL,'1997-09-24 00:00:00.000000','시연용 계정입니다!','nim924@naver.com','조봉민','봉민','nim924!!','01012345678','http://img.cgv.co.kr/Movie/Thumbnail/StillCut/000083/83127/83127204223_727.jpg'),(5,NULL,'1993-06-23 00:00:00.000000','천재 개발자 최창효입니다!','qwerty1434@naver.com','최창효','창효','qwerty1234!','01012345678','http://img.cgv.co.kr/Movie/Thumbnail/StillCut/000083/83127/83127204223_727.jpg'),(6,NULL,'1997-08-09 00:00:00.000000','멋쟁이 개발자 이현진입니다! ','hjnee1102@gmail.com','이현진','현진','hjnee1102','01012345678','http://img.cgv.co.kr/Movie/Thumbnail/StillCut/000083/83127/83127204223_727.jpg'),(7,NULL,'1997-12-23 00:00:00.000000','짱짱 개발자 이현빈입니다! 아이브짱','hb7@gmail.com','이현빈','아이브forever','hb777777!','01012345678','http://img.cgv.co.kr/Movie/Thumbnail/StillCut/000083/83127/83127204223_727.jpg'),(8,NULL,'1997-10-02 00:00:00.000000','개발자 지망생.. 입니다!','tpdnjs1825@naver.com','박세원','세원','tpdnjs1234!','01012345678','http://img.cgv.co.kr/Movie/Thumbnail/StillCut/000083/83127/83127204223_727.jpg'),(9,NULL,'2020-10-10 00:00:00.000000','어서오고~','cew@naver.com','최은우','은우','cew1234!','01012345678','http://img.cgv.co.kr/Movie/Thumbnail/StillCut/000083/83127/83127204223_727.jpg');
/*!40000 ALTER TABLE `user` ENABLE KEYS */;
UNLOCK TABLES;

--
-- Table structure for table `youtube`
--

DROP TABLE IF EXISTS `youtube`;
/*!40101 SET @saved_cs_client     = @@character_set_client */;
/*!50503 SET character_set_client = utf8mb4 */;
CREATE TABLE `youtube` (
  `id` int NOT NULL,
  `url` varchar(255) NOT NULL,
  `idol_id` int DEFAULT NULL,
  PRIMARY KEY (`id`),
  KEY `FK9g566px0shl58b7od5q2albk5` (`idol_id`),
  CONSTRAINT `FK9g566px0shl58b7od5q2albk5` FOREIGN KEY (`idol_id`) REFERENCES `idol` (`id`)
) ENGINE=InnoDB DEFAULT CHARSET=utf8mb4 COLLATE=utf8mb4_0900_ai_ci;
/*!40101 SET character_set_client = @saved_cs_client */;

--
-- Dumping data for table `youtube`
--

LOCK TABLES `youtube` WRITE;
/*!40000 ALTER TABLE `youtube` DISABLE KEYS */;
INSERT INTO `youtube` VALUES (15,'lBM3bB_SQfI',NULL),(17,'CvfwGNzx2uU',NULL),(19,'AvFQxC5FFWc',NULL),(22,'Or76Hs7iYKI',NULL),(24,'GdxvD7r58ng',NULL),(27,'5YDXOm5WGjs',NULL),(30,'D_yfilO4cWk',NULL),(33,'tg918Ogclgs',NULL),(94,'gU8rgGDbUW8',NULL),(99,'zwmmuJlgPxI',NULL),(102,'uRnqxR4aKd8',NULL),(105,'bG_qzolHR6I',NULL),(108,'kKYqWlRmo4Q',NULL),(111,'Yz2a7D4RoAk',NULL),(113,'lTlggd18GiE',NULL),(117,'dZSv3ID8ZhQ',NULL),(121,'f_iQRO5BdCM',NULL),(124,'RRhjdYsNwAk',NULL),(129,'W7QJoej2Gtw',NULL),(132,'CujPV3BT5sQ',NULL),(135,'FCUUAHIyZ5k',NULL),(138,'Aa80UMJj-UA',NULL),(142,'qj_SFBtA7Xc',NULL),(146,'J0OGl8WzpXM',NULL),(151,'wpDRaTB7v_U',NULL),(154,'5QouJSo3zEg',NULL),(158,'-vYq4TRLwHc',NULL),(180,'ObTI2gRP5Lw',NULL),(296,'VVNjvVkjfsA',NULL),(303,'NrTskRd3NUY',NULL),(305,'xXdtqzD3O1k',NULL),(322,'_TjCQvG4uFo',NULL),(342,'6pA_Tou-DPI',NULL),(347,'nVCubhQ454c',NULL),(359,'OwMndewLMlk',NULL),(366,'PriEUbXQ91c',NULL),(378,'MCS-pubmivk',NULL);
/*!40000 ALTER TABLE `youtube` ENABLE KEYS */;
UNLOCK TABLES;
/*!40103 SET TIME_ZONE=@OLD_TIME_ZONE */;

/*!40101 SET SQL_MODE=@OLD_SQL_MODE */;
/*!40014 SET FOREIGN_KEY_CHECKS=@OLD_FOREIGN_KEY_CHECKS */;
/*!40014 SET UNIQUE_CHECKS=@OLD_UNIQUE_CHECKS */;
/*!40101 SET CHARACTER_SET_CLIENT=@OLD_CHARACTER_SET_CLIENT */;
/*!40101 SET CHARACTER_SET_RESULTS=@OLD_CHARACTER_SET_RESULTS */;
/*!40101 SET COLLATION_CONNECTION=@OLD_COLLATION_CONNECTION */;
/*!40111 SET SQL_NOTES=@OLD_SQL_NOTES */;

-- Dump completed on 2022-08-21 13:00:10
